code,system
14G1.00,readv2
N040.00,readv2
38DZ.00,readv2
66H..13,readv2
7P20300,readv2
F371200,readv2
F396400,readv2
G5y8.00,readv2
G5yA.00,readv2
H570.00,readv2
N040200,readv2
N040500,readv2
N040700,readv2
N040B00,readv2
N040D00,readv2
N040F00,readv2
N040N00,readv2
N040P00,readv2
N040T00,readv2
N042100,readv2
N04y000,readv2
N04y012,readv2
N04..00,readv2
N040000,readv2
N040100,readv2
N040400,readv2
N040600,readv2
N040800,readv2
N040C00,readv2
N040G00,readv2
N040H00,readv2
N040K00,readv2
N040L00,readv2
N040S00,readv2
N040900,readv2
N040A00,readv2
N040J00,readv2
N040R00,readv2
N042200,readv2
N041.00,readv2
N042.00,readv2
N042z00,readv2
N043000,readv2
N04X.00,readv2
Nyu1200,readv2
Nyu1G00,readv2
N043100,readv2
N043200,readv2
N043300,readv2
N043z00,readv2
N045500,readv2
N047.00,readv2
Nyu1100,readv2
N04y011,readv2